INSERT INTO `users` VALUES (1,'jdf@naver.com','워킹펫최고',1,'2024-05-13 20:21:53',NULL,0),(2,'lju05sdfdsf14@naver.com','기가지니',1,'2024-05-13 20:21:54',NULL,0),(3,'onestsdfsdfore123123@gmail.com','원토',1,'2024-05-13 20:21:54',NULL,0),(4,'dmdkvj3sdfsdf61@naver.com','진구',1,'2024-05-13 20:21:54',NULL,0),(5,'yujinsdfdsfsdf1698@naver.com','슈가슈가룽',1,'2024-05-13 20:21:54',NULL,0),(6,'jungysdfsdfoanwoo@naver.com','백의신',1,'2024-05-13 20:21:54',NULL,0),(7,'jdsfsdfungyoanwoo12@naver.com','츄러스',1,'2024-05-13 20:21:55',NULL,0),(8,'dbwsdfdsfls@naver.com','안녕또',1,'2024-05-13 20:21:55',NULL,0),(9,'test20@gmail.com','바베큐원툴',1,'2024-05-13 20:21:55',NULL,0),(10,'test21@gmail.com','까트리',1,'2024-05-13 20:21:55',NULL,0);

INSERT INTO `item` VALUES (1,'Normal Box','1~2성의 캐릭터가 나오는 상자이다.'),(2,'Luxury Box','2~3성의 캐릭터가 나오는 상자이다.'),(3,'Exp Item','사용시 5경험치를 얻을 수 있는 아이템입니다');

INSERT INTO goal(goal_id, daily_goal, weekly_goal, user_id)VALUES (1,1,46,1),(2,0,0,2),(3,0,0,3),(4,0,0,4),(5,31,98,5),(6,3,29,6),(7,0,0,7),(8,0,0,8),(9,0,0,9),(10,0,0,10),(11,0,0,11),(12,0,0,12),(13,0,0,13),(14,0,0,14),(15,0,0,15),(16,0,0,16),(17,0,0,17),(18,0,0,18),(19,0,0,19),(20,0,0,20),(21,0,0,21),(22,0,0,22),(23,0,0,23),(24,0,0,24),(25,0,0,25),(26,0,0,26),(27,0,0,27),(28,0,0,28),(29,0,0,29),(30,0,0,30),(31,0,0,31),(32,0,0,32),(33,0,0,33),(34,0,0,34),(35,0,0,35),(36,0,0,36),(37,0,0,37),(38,0,0,38),(39,0,0,39),(40,0,0,40),(41,0,0,41),(42,0,0,42),(43,0,0,43),(44,0,0,44),(45,0,0,45),(46,0,0,46),(47,1,0,47),(48,0,1,48),(49,0,0,49),(50,0,0,50),(51,1,0,51),(52,0,0,52),(53,0,0,53),(54,0,0,54),(55,0,16,55),(56,0,0,56),(57,0,0,57),(58,0,2,58),(59,0,0,59),(60,0,2,60),(61,0,0,61),(62,1,10,62),(63,1,1,63),(64,0,0,64),(65,0,0,65),(66,0,0,66),(67,0,0,67),(68,15,90,68),(69,0,1,69),(70,0,0,70),(71,0,0,71),(72,0,0,72),(73,0,0,73),(74,0,0,74),(75,0,0,75),(76,1,16,76),(77,0,1,77),(78,0,0,78),(79,0,0,79),(80,0,0,80),(81,0,0,81),(82,0,0,82),(83,0,0,83),(84,0,0,84),(85,0,0,85),(86,0,0,86),(87,0,0,87),(88,0,0,88),(89,0,0,89),(90,0,0,90),(91,0,0,91),(92,0,0,92),(93,0,0,93),(94,0,0,94),(95,0,0,95),(96,0,0,96),(97,0,0,97),(98,0,0,98),(102,0,0,102),(103,0,0,103),(104,0,0,104),(105,0,0,105),(106,0,28,106),(107,0,24,107),(108,7,96,108),(109,1,0,109),(110,0,0,110),(111,1,40,111),(112,0,0,112),(113,1,16,113),(114,0,0,114),(115,0,0,115),(116,0,0,116),(117,0,0,117),(118,0,0,118),(119,0,0,119),(120,0,0,120),(121,1,0,121),(122,0,0,122),(123,0,0,123),(124,0,0,124),(125,0,0,125),(126,0,0,126),(127,0,0,127),(128,1,8,128),(129,0,0,129),(130,0,0,130),(131,1,0,131),(132,0,0,132),(133,0,0,133),(134,0,24,134),(135,0,0,135),(136,0,0,136),(137,0,0,137),(138,0,0,138),(139,0,0,139),(140,0,0,140),(141,0,0,141),(142,0,0,142),(143,7,96,143),(144,0,0,144),(145,0,0,145),(146,0,0,146),(147,0,0,147),(148,1,0,148);

INSERT INTO team(team_id, name, explanation, status, password, point,create_date, user_id) VALUES(27,'대전 싸피 2반','대전이 짱',0,'',0,'2024-05-15 22:01:22',7),(29,'대전 싸피 3반','대전이 짱',1,'3333',0,'2024-05-15 22:21:51',7),(38,'대전 싸피 1반','대전이 짱',0,'',0,'2024-05-16 13:07:50',7),(42,'가나다라마바사아자차','가나다라마바사아자차',0,'',0,'2024-05-16 13:23:03',2),(44,'모여라룰루루','아무나 들어와서 같이걸어요',0,'',100,'2024-05-16 15:26:17',5),(45,'김원토','원토',0,'',0,'2024-05-16 17:13:08',46),(46,'o estor','onestore',1,'1234',0,'2024-05-16 17:19:04',46),(47,'고비네♡','제가 캐리합니다',0,'',50,'2024-05-16 17:41:28',1),(48,'홍익대학교','홍익대학교 학생 모여라~',0,'',300,'2024-05-16 17:54:38',125),(50,'바나나와 바닐라','맹견은 사나운 개입니다ㅋ',1,'102',350,'2024-05-17 01:11:08',2),(52,'????','??????',0,'',200,'2024-05-17 09:55:55',106),(53,'일어나회사가야지','회사원들의 건강을 위하여...',0,'',50,'2024-05-17 11:53:24',107),(54,'타노스와 아이들','대전 8반 영웅들',0,'',50,'2024-05-17 12:11:34',138),(56,'곱백이네><','곱백이',0,'',100,'2024-05-18 00:55:34',1),(57,'같이뛰자','매일걷는사람들',0,'',50,'2024-05-19 00:28:25',143),(58,'달팽이들','느릿느릿걷자',0,'',100,'2024-05-19 00:31:03',143),(59,'대전 B102','대전 B102 화이팅',0,'',400,'2024-05-19 02:11:19',109),(60,'워킹펫재밌어','워킹펫 이거재밌네',0,'',150,'2024-05-19 10:53:19',47),(61,'싸탈!','우리 모두 취뽀하쟈아',1,'qwer',0,'2024-05-19 20:44:02',5);



INSERT INTO team_user(team_user_id, team_id, user_id) VALUES (30,27,7),(32,29,7),(48,38,7),(55,42,2),(57,44,5),(59,45,46),(61,46,46),(63,47,1),(65,48,125),(66,44,125),(67,38,134),(70,50,2),(71,47,2),(73,50,5),(74,48,6),(76,44,136),(77,52,106),(79,44,107),(80,53,107),(81,54,138),(82,52,113),(83,47,68),(84,47,136),(85,52,136),(86,47,55),(87,47,113),(89,56,1),(90,56,78),(91,53,69),(92,44,147),(94,27,143),(95,57,143),(96,58,143),(97,59,109),(98,60,47),(99,44,148),(100,59,47),(104,61,5);

INSERT INTO user_character(user_character_id, level, upgrade, stat_point, experience, health, defense, power, character_id, user_id) VALUES (1,1,4,5,0,120,14,9,1,1),(2,1,0,0,0,100,10,10,1,2),(3,1,0,5,0,100,10,5,1,3),(4,1,0,5,0,100,10,5,1,4),(5,5,2,0,40,111,23,20,1,5),(6,1,2,0,0,110,12,12,1,6),(7,1,0,5,0,100,10,5,1,7),(8,1,0,5,0,100,10,5,1,8),(9,1,0,5,0,100,12,8,1,9),(10,1,0,5,0,100,12,8,2,10),(11,1,0,5,0,100,12,8,4,11),(12,1,0,5,0,100,12,8,11,12),(13,1,0,5,0,100,12,8,12,13),(14,1,0,5,0,100,12,8,13,14),(15,1,2,5,0,110,14,10,14,15),(16,1,2,5,0,110,14,10,17,16),(17,1,2,5,0,110,14,10,18,17),(18,1,2,5,0,110,14,10,22,18),(19,1,2,5,0,110,14,10,1,19),(20,1,4,5,0,120,16,12,2,20),(21,1,4,5,0,120,16,12,4,21),(22,1,4,5,0,120,16,12,11,22),(23,1,4,5,0,120,16,12,12,23),(24,2,4,5,0,120,18,15,13,24),(25,2,6,5,0,130,20,17,14,25),(26,2,6,5,0,130,20,17,17,26),(27,2,6,5,0,130,20,17,18,27),(28,2,6,5,0,130,20,17,22,28),(29,2,6,5,0,130,20,17,1,29),(30,3,10,5,0,150,25,25,2,30),(31,3,10,5,0,150,25,25,4,31),(32,3,10,5,0,150,25,25,11,32),(33,3,10,5,0,150,25,25,12,33),(34,3,10,5,0,150,25,25,14,34),(35,1,0,0,0,100,10,10,1,35),(36,1,0,5,0,100,10,5,1,36),(37,1,0,5,0,100,10,5,1,37),(38,1,0,5,0,100,10,5,1,38),(39,1,0,5,0,100,10,5,1,39),(40,1,0,5,0,100,10,5,1,40),(41,1,0,5,0,100,10,5,1,41),(42,1,0,5,0,100,10,5,1,42),(43,1,0,5,0,100,10,5,1,43),(44,1,0,5,0,100,10,5,1,44),(45,1,0,5,0,100,10,5,1,45),(46,1,1,5,0,105,11,6,1,46),(47,2,4,5,0,120,14,14,1,47),(48,1,2,0,0,110,12,12,1,48),(49,1,0,0,0,105,10,5,1,49),(50,1,0,5,0,100,10,5,1,50),(51,1,1,5,0,105,11,6,1,51),(52,1,0,5,0,100,10,5,1,52),(53,1,0,5,0,100,10,5,1,53),(54,1,1,5,0,105,11,6,1,54),(55,1,1,5,0,105,11,6,1,55),(56,3,1,10,5,108,12,7,1,56),(57,1,1,5,0,105,11,6,1,57),(58,1,1,5,0,105,11,6,1,58),(59,3,1,0,5,111,11,15,1,59),(60,6,0,0,0,100,10,35,1,60),(61,1,0,5,0,100,10,5,1,61),(62,1,1,5,0,105,11,6,1,62),(63,1,3,5,0,115,13,8,1,63),(64,1,0,5,0,100,10,5,1,64),(65,1,0,5,0,100,10,5,1,65),(66,1,0,5,0,100,10,5,1,66),(67,1,0,5,0,100,10,5,1,67),(68,1,1,5,0,105,11,6,1,68),(69,1,2,5,0,110,12,7,1,69),(70,1,0,5,0,100,10,5,1,70),(71,1,0,5,0,100,10,5,1,71),(72,1,0,5,0,100,10,5,1,72),(73,1,0,5,0,100,10,5,1,73),(74,1,0,5,0,100,10,5,1,74),(75,1,0,5,0,100,10,5,1,75),(76,3,4,0,20,124,18,16,18,6),(77,2,24,10,0,440,58,68,3,6),(78,1,21,0,0,411,83,55,19,6),(79,3,2,0,15,113,16,15,14,6),(81,7,2,0,0,400,60,75,10,6),(82,2,21,0,0,418,63,73,16,6),(83,1,20,5,0,400,70,65,21,6),(84,1,0,5,0,200,15,10,7,67),(85,1,2,5,0,130,7,12,12,67),(86,1,1,5,0,210,22,32,16,67),(87,1,0,5,0,200,30,20,15,67),(88,1,0,5,0,200,10,20,3,67),(89,1,0,5,0,200,40,10,19,67),(90,1,0,5,0,200,30,25,21,67),(91,1,1,5,0,105,11,6,1,76),(92,1,2,5,0,110,12,7,13,6),(93,8,31,0,0,510,82,112,8,6),(94,1,0,5,0,200,18,10,5,69),(95,1,1,5,0,210,22,32,16,69),(96,9,0,0,90,305,60,80,6,69),(97,1,3,5,0,230,36,26,15,69),(98,1,1,5,0,210,17,12,7,69),(99,1,1,5,0,105,11,6,14,69),(100,1,1,5,0,125,6,11,12,69),(101,1,0,5,0,200,30,25,21,69),(102,1,2,5,0,110,12,7,13,69),(103,1,1,5,0,105,11,7,11,69),(104,1,0,5,0,100,10,5,18,69),(105,1,0,5,0,200,20,10,8,69),(106,1,0,5,0,200,10,20,3,69),(107,1,0,5,0,200,40,10,19,69),(108,1,1,5,0,105,11,6,13,60),(109,1,2,0,0,220,44,19,19,60),(110,1,0,5,0,100,10,5,14,54),(111,1,3,5,0,230,46,16,19,54),(112,1,0,5,0,100,10,5,17,54),(113,1,0,5,0,200,20,10,8,54),(114,1,0,5,0,200,18,10,5,54),(115,3,0,10,0,200,30,25,15,54),(116,5,1,0,0,210,32,52,21,60),(117,1,1,5,0,210,12,22,15,60),(118,1,1,5,0,210,20,12,5,60),(119,1,0,5,0,200,30,20,15,60),(120,1,2,5,0,130,7,12,12,60),(121,1,2,0,0,110,12,12,4,48),(122,1,0,0,0,150,20,8,22,48),(123,1,2,0,0,220,19,24,3,48),(124,1,1,0,0,125,11,11,12,48),(125,1,0,0,0,100,10,11,11,48),(126,1,0,0,0,200,20,15,8,48),(127,1,1,0,0,210,26,33,16,48),(128,1,1,0,0,210,20,17,5,48),(129,1,0,0,0,300,50,25,10,48),(130,5,0,0,25,200,40,35,19,48),(131,1,0,0,0,100,10,10,14,48),(132,2,0,0,10,300,55,55,6,48),(133,1,1,5,0,105,11,6,18,63),(134,9,2,0,35,220,38,70,21,63),(135,1,2,5,0,220,24,14,8,63),(136,1,0,5,0,150,20,3,22,63),(137,1,0,5,0,100,10,5,4,63),(138,1,1,5,0,210,12,22,3,63),(139,1,1,5,0,210,42,12,19,63),(140,1,0,0,0,100,10,10,2,48),(141,1,0,0,0,100,10,10,13,48),(142,5,0,0,40,300,100,75,23,48),(143,2,13,10,10,330,66,36,19,1),(144,1,12,5,0,320,44,34,8,1),(145,1,8,5,0,280,46,36,15,1),(146,5,1,0,35,350,105,65,24,1),(147,1,12,5,0,320,44,54,16,1),(148,1,1,5,0,105,11,6,14,1),(149,1,5,5,0,125,15,10,18,1),(150,1,2,5,0,110,12,7,17,1),(151,1,1,5,0,210,32,22,15,63),(152,1,1,5,0,210,22,32,16,63),(153,1,1,5,0,105,11,6,14,63),(154,1,1,5,0,105,11,7,11,63),(155,1,0,5,0,200,15,10,7,63),(156,1,0,0,0,100,10,10,1,77),(157,1,1,5,0,105,11,6,4,60),(158,1,3,0,0,230,21,21,7,77),(159,1,1,5,0,105,11,6,18,77),(160,1,1,5,0,155,21,4,22,77),(161,1,0,5,0,120,5,10,12,77),(162,1,0,5,0,200,20,10,8,77),(163,1,2,5,0,220,24,34,16,77),(164,1,0,5,0,200,20,30,16,60),(165,1,0,5,0,200,30,20,15,77),(166,6,0,5,30,300,100,75,23,77),(167,1,0,5,0,200,40,10,19,77),(168,1,0,5,0,100,10,5,14,77),(169,1,0,5,0,200,10,20,3,77),(170,5,14,0,50,347,66,58,15,5),(171,1,0,5,0,100,10,6,11,5),(172,2,2,5,0,112,13,9,2,5),(173,1,2,5,0,110,12,7,14,5),(174,2,7,5,5,271,31,26,7,5),(175,1,10,5,0,300,40,30,8,5),(176,1,6,0,0,262,30,25,5,5),(177,1,3,5,0,115,13,8,18,5),(178,2,5,0,5,254,34,42,16,5),(179,1,0,5,0,100,10,5,2,77),(180,1,0,5,0,100,10,5,13,77),(181,1,0,5,0,100,10,6,11,68),(182,1,2,0,0,220,47,16,19,68),(183,2,2,5,0,110,13,11,14,68),(184,1,1,5,0,155,21,4,22,68),(185,1,0,5,0,200,20,10,8,68),(186,1,1,5,0,210,32,27,21,68),(187,9,0,0,90,210,40,45,16,68),(188,1,2,0,0,220,24,14,7,68),(189,1,0,5,0,100,10,5,1,78),(190,6,2,0,20,230,28,50,16,78),(191,1,2,5,0,220,34,29,21,78),(192,1,0,5,0,200,15,10,7,78),(193,1,0,5,0,200,10,20,3,78),(194,1,0,5,0,100,10,5,2,78),(195,1,0,5,0,120,5,10,12,78),(196,1,1,5,0,105,11,6,13,78),(197,1,0,0,0,100,10,10,13,68),(198,1,2,5,0,110,12,7,18,68),(199,1,0,5,0,100,10,5,1,79),(200,1,0,5,0,100,10,5,1,80),(201,1,0,5,0,300,100,30,24,66),(202,1,0,5,0,200,18,10,5,66),(203,1,0,5,0,200,30,20,15,66),(204,1,1,5,0,210,32,27,21,66),(205,1,14,5,0,340,58,53,21,47),(206,1,13,5,0,330,46,56,16,47),(207,1,9,5,0,290,33,28,7,47),(208,6,0,0,55,300,70,50,9,47),(209,1,4,5,0,140,9,14,12,47),(210,5,2,25,10,160,32,4,22,47),(211,1,0,5,0,100,10,5,1,81),(212,1,0,5,0,100,10,5,1,82),(213,1,0,5,0,100,10,5,1,83),(214,1,0,5,0,100,10,5,1,84),(215,1,0,5,0,100,10,5,1,85),(216,1,0,5,0,100,10,5,1,86),(217,1,0,5,0,100,10,5,1,87),(218,1,0,5,0,100,10,5,1,88),(219,1,0,5,0,100,10,5,1,89),(220,1,0,5,0,100,10,5,1,90),(221,1,0,5,0,100,10,5,1,91),(222,1,0,5,0,100,10,5,1,92),(223,1,0,5,0,100,10,5,1,93),(224,1,0,5,0,100,10,5,1,94),(225,1,0,5,0,100,10,5,1,95),(226,1,0,5,0,100,10,5,1,96),(227,1,0,5,0,100,10,5,1,97),(228,1,0,5,0,100,10,5,1,98),(229,1,2,5,0,220,24,14,8,60),(230,1,1,5,0,105,11,6,4,6),(231,1,0,5,0,200,10,20,3,60),(232,1,1,5,0,210,17,12,7,60),(233,1,1,5,0,105,11,6,18,60),(234,1,1,5,0,105,11,6,14,60),(235,1,0,5,0,100,10,5,17,6),(236,1,27,5,0,470,72,64,5,6),(237,1,0,5,0,200,15,10,7,55),(238,1,0,5,0,100,10,5,4,55),(239,1,1,5,0,105,11,7,11,55),(240,1,0,5,0,200,40,10,19,55),(241,1,1,5,0,105,11,6,14,55),(242,1,2,5,0,220,22,14,5,55),(243,7,0,0,0,300,110,75,23,55),(244,1,2,5,0,220,34,24,15,55),(245,1,0,5,0,100,10,5,4,47),(246,1,0,5,0,100,10,5,13,47),(247,1,14,5,0,340,48,38,8,47),(248,1,5,5,0,125,15,10,2,47),(249,1,0,5,0,200,10,20,3,59),(250,1,2,0,0,110,12,12,13,59),(251,1,0,2,0,100,10,8,2,59),(252,1,3,0,0,230,21,21,7,59),(253,1,0,0,0,100,10,10,18,59),(254,1,0,5,0,100,10,5,14,59),(255,1,0,0,0,100,10,10,17,59),(256,6,0,0,25,301,70,49,9,59),(257,1,1,1,0,210,42,16,19,59),(258,1,0,5,0,200,20,10,8,59),(259,1,1,5,0,105,11,7,11,49),(260,5,2,0,0,220,24,34,7,49),(261,1,2,5,0,220,22,14,5,49),(262,1,1,5,0,210,12,22,3,49),(263,1,0,5,0,200,20,30,16,49),(264,1,0,5,0,200,40,10,19,49),(265,1,3,0,0,230,36,36,21,49),(269,1,0,5,0,100,10,5,1,102),(270,1,0,5,0,100,10,5,1,103),(271,1,0,5,0,200,30,25,21,48),(272,1,0,5,0,100,10,5,1,104),(273,1,0,5,0,100,10,5,1,105),(274,1,1,5,0,105,11,6,1,106),(275,2,5,0,10,250,35,20,7,106),(276,1,4,0,0,245,28,38,16,106),(277,1,5,5,0,250,28,20,5,106),(278,1,2,5,0,110,12,7,17,46),(279,1,0,5,0,200,30,25,21,46),(280,1,1,5,0,210,22,32,16,46),(281,1,1,5,0,210,22,12,8,46),(282,1,0,5,0,100,10,5,2,46),(283,5,0,0,40,205,40,30,19,46),(284,1,6,5,0,260,22,32,3,1),(285,1,1,5,0,125,6,11,12,1),(286,1,1,5,0,105,11,6,18,51),(287,3,1,0,0,210,32,42,21,51),(288,1,2,5,0,220,19,14,7,51),(289,1,1,5,0,155,31,3,22,51),(290,1,0,5,0,200,20,30,16,51),(291,1,1,5,0,210,20,12,5,51),(292,3,0,0,0,200,30,35,15,51),(293,1,0,5,0,200,40,10,19,51),(294,2,0,10,0,200,20,30,16,2),(295,1,1,5,0,210,22,12,8,2),(296,1,1,5,0,210,12,22,3,2),(297,4,0,20,35,300,50,50,6,2),(298,2,1,10,5,125,6,11,12,5),(299,1,17,5,0,370,64,54,15,47),(300,1,2,5,0,110,12,7,18,47),(301,1,1,5,0,210,32,27,21,62),(302,1,1,5,0,210,22,12,8,62),(303,7,0,0,25,300,100,65,24,62),(304,1,1,5,0,210,22,32,16,62),(305,1,1,5,0,210,32,22,15,62),(306,1,2,5,0,130,7,12,12,62),(307,1,1,5,0,105,11,6,2,62),(308,1,0,5,0,200,18,10,5,62),(309,1,0,5,0,200,40,10,19,62),(310,1,0,5,0,100,10,5,14,62),(311,3,0,15,20,100,10,5,18,62),(312,1,0,5,0,100,10,5,13,62),(313,1,0,5,0,150,30,2,22,62),(314,1,2,0,0,220,34,29,15,68),(315,3,0,10,10,100,11,9,1,107),(316,1,0,5,0,200,18,10,5,2),(317,1,1,5,0,105,11,6,14,2),(318,1,0,5,0,200,40,10,19,2),(319,1,1,5,0,105,11,6,2,2),(320,1,0,5,0,200,30,20,15,2),(321,1,0,5,0,150,30,2,22,2),(322,1,1,5,0,105,11,6,13,2),(323,1,1,5,0,125,6,11,12,2),(324,1,2,5,0,110,12,7,18,2),(325,4,0,20,0,100,10,6,11,2),(326,1,0,5,0,120,5,10,12,56),(327,1,1,5,0,155,31,3,22,56),(328,1,0,5,0,100,10,6,11,56),(329,1,0,5,0,100,10,5,18,56),(330,1,0,5,0,100,10,5,13,56),(331,1,1,5,0,210,22,12,8,56),(332,1,0,5,0,300,50,20,10,56),(333,1,0,5,0,200,10,20,3,56),(334,1,0,5,0,200,30,25,21,56),(335,1,1,5,0,105,11,6,1,108),(336,1,0,5,0,300,50,20,10,108),(337,1,2,5,0,220,24,14,8,108),(338,1,1,5,0,105,11,6,2,108),(339,1,1,5,0,210,12,22,3,108),(340,1,0,5,0,200,30,25,21,108),(341,1,0,5,0,150,30,2,22,108),(342,1,0,5,0,100,10,5,4,108),(343,1,3,5,0,230,26,36,16,108),(344,9,0,0,50,300,100,95,23,108),(345,1,1,5,0,210,17,12,7,108),(346,1,1,5,0,210,32,22,15,58),(347,1,0,5,0,200,10,20,3,58),(348,1,0,5,0,200,20,30,16,58),(349,4,1,0,20,210,32,47,21,58),(350,1,0,5,0,100,10,5,17,58),(351,1,1,5,0,105,11,6,14,58),(352,1,0,5,0,100,10,5,2,58),(353,1,2,5,0,220,22,14,5,58),(354,1,0,5,0,100,10,5,18,58),(355,1,0,5,0,100,10,5,1,109),(356,1,0,5,0,200,20,10,8,109),(357,8,2,0,20,220,14,64,3,109),(358,1,1,5,0,210,22,32,16,109),(359,1,2,5,0,220,34,24,15,109),(360,1,1,5,0,105,11,6,13,109),(361,1,0,5,0,120,5,10,12,109),(362,1,0,5,0,100,10,5,14,109),(363,1,0,5,0,100,10,5,14,108),(364,1,1,5,0,105,11,6,13,108),(365,1,0,5,0,200,40,10,19,109),(366,1,0,5,0,150,30,2,22,109),(367,1,0,5,0,150,30,2,22,55),(368,1,2,5,0,110,12,7,18,55),(369,1,0,5,0,100,10,5,2,69),(370,1,1,5,0,210,22,12,8,55),(371,1,0,5,0,300,100,30,24,55),(372,1,26,5,0,460,82,72,15,6),(373,1,0,5,0,100,10,5,1,110),(374,1,0,5,0,100,10,5,4,110),(375,1,1,5,0,210,32,22,15,110),(376,1,0,5,0,200,15,10,7,110),(377,1,1,5,0,210,20,12,5,110),(378,1,1,5,0,105,11,7,11,110),(379,1,0,5,0,200,20,10,8,110),(380,1,0,5,0,200,30,25,21,110),(381,1,0,5,0,100,10,5,1,111),(382,1,1,5,0,210,20,12,5,111),(383,1,0,5,0,100,10,5,17,111),(384,1,1,5,0,155,31,3,22,111),(385,1,1,5,0,105,11,6,4,111),(386,1,1,5,0,210,32,22,15,111),(387,1,0,5,0,200,10,20,3,111),(388,1,0,5,0,200,40,10,19,111),(389,8,0,0,135,300,105,85,23,111),(390,1,1,5,0,210,22,12,8,111),(391,1,0,5,0,200,30,25,21,111),(392,1,1,5,0,105,11,6,1,112),(393,1,1,5,0,210,17,12,7,76),(394,1,0,5,0,100,10,5,2,76),(395,1,0,5,0,100,10,5,4,76),(396,1,0,5,0,200,18,10,5,76),(397,1,1,5,0,210,32,27,21,76),(398,1,0,5,0,300,70,20,9,76),(399,1,1,5,0,210,22,32,16,76),(400,8,0,0,35,300,100,90,23,76),(401,1,0,5,0,200,10,20,3,76),(402,1,1,5,0,105,11,7,11,76),(403,1,2,0,5,110,12,12,1,113),(404,1,2,0,0,110,17,7,18,113),(405,5,2,0,0,225,35,43,16,113),(406,1,0,0,0,150,35,2,22,113),(407,1,1,0,0,110,11,6,17,113),(408,1,0,0,0,203,40,12,19,113),(409,1,2,0,0,220,39,29,21,113),(410,1,1,0,0,210,12,27,3,113),(411,1,2,0,0,225,24,14,8,113),(412,8,0,0,25,305,80,45,9,113),(413,1,1,0,0,125,11,11,12,113),(414,1,1,5,0,105,11,6,1,114),(415,1,0,5,0,120,5,10,12,114),(416,1,0,5,0,200,30,20,15,114),(417,1,0,5,0,100,10,5,14,114),(418,1,0,5,0,100,10,5,4,114),(419,5,0,0,35,300,125,50,23,114),(420,1,0,5,0,200,40,10,19,114),(421,1,0,5,0,200,15,10,7,114),(422,1,0,5,0,200,30,25,21,114),(423,1,0,5,0,200,10,20,3,114),(424,1,0,5,0,100,10,6,11,114),(425,1,1,5,0,210,20,12,5,114),(426,1,0,5,0,100,10,5,13,114),(427,1,0,5,0,100,10,5,1,115),(428,1,0,5,0,100,10,6,11,115),(429,1,1,0,0,210,42,17,19,115),(430,1,1,5,0,210,22,32,16,115),(431,1,0,5,0,200,20,10,8,115),(432,1,1,5,0,105,11,6,1,116),(433,1,1,5,0,210,20,12,5,116),(434,5,2,0,20,221,40,42,15,116),(435,1,1,5,0,210,42,12,19,116),(436,1,0,5,0,200,30,25,21,116),(437,1,1,5,0,105,11,6,14,116),(438,1,0,5,0,120,5,10,12,116),(439,1,0,5,0,200,10,20,3,116),(440,1,0,5,0,100,10,5,18,116),(441,3,2,4,0,121,12,7,1,117),(442,1,18,5,0,380,76,46,19,47),(443,1,2,5,0,110,12,7,14,47),(444,1,21,5,0,410,60,52,5,47),(445,1,2,5,0,110,12,8,11,47),(446,3,0,10,0,105,10,5,1,118),(447,1,0,5,0,150,30,2,22,112),(448,1,0,5,0,200,30,25,21,112),(449,1,0,5,0,200,10,20,3,112),(450,1,0,4,0,300,100,51,23,112),(451,1,0,5,0,200,30,20,15,112),(452,1,0,5,0,200,20,30,16,112),(453,1,1,5,0,105,11,6,18,112),(454,1,0,5,0,100,10,5,2,112),(455,1,7,5,0,270,44,39,21,1),(456,1,0,5,0,100,10,5,1,119),(457,1,0,5,0,100,10,5,1,120),(458,4,3,0,15,117,13,26,1,121),(459,1,1,5,0,210,20,12,5,121),(460,6,0,0,0,200,20,60,16,121),(461,1,1,5,0,210,12,22,3,121),(462,1,2,5,0,220,34,29,21,121),(463,1,3,5,0,230,26,16,8,121),(464,1,2,5,0,110,12,7,14,121),(465,1,0,5,0,200,20,10,8,112),(466,1,0,5,0,200,40,10,19,119),(467,1,0,5,0,200,18,10,5,119),(468,1,0,5,0,200,20,10,8,119),(469,3,0,15,5,100,10,5,1,122),(470,1,0,5,0,100,10,5,4,122),(471,1,1,5,0,210,32,27,21,122),(472,1,1,5,0,105,11,6,18,121),(473,1,0,5,0,100,10,5,1,123),(474,1,1,5,0,210,32,27,21,123),(475,7,0,0,70,300,100,65,24,123),(476,1,0,5,0,200,15,10,7,123),(477,1,1,5,0,210,20,12,5,123),(478,1,1,5,0,210,22,32,16,123),(479,1,1,5,0,105,11,6,18,123),(480,1,1,5,0,105,11,6,17,123),(481,1,1,5,0,155,31,3,22,123),(482,1,0,5,0,200,10,20,3,123),(483,6,1,0,80,350,105,70,24,47),(484,1,15,5,0,350,40,50,3,47),(485,1,1,5,0,105,11,6,1,124),(486,1,0,5,0,200,30,25,21,124),(487,1,0,5,0,200,20,30,16,124),(488,1,0,5,0,200,18,10,5,124),(489,1,0,5,0,200,15,10,7,124),(490,1,0,5,0,100,10,5,13,57),(491,1,0,5,0,200,10,20,3,57),(492,1,0,5,0,100,10,5,4,57),(493,1,0,5,0,200,20,10,8,57),(494,1,0,5,0,200,20,30,16,57),(495,1,0,5,0,200,30,25,21,57),(496,1,0,5,0,200,40,10,19,57),(497,1,0,5,0,200,18,10,5,57),(498,1,0,5,0,200,15,10,7,57),(499,1,0,5,0,200,10,20,3,51),(500,1,0,5,0,100,10,6,11,51),(501,1,0,5,0,200,18,10,5,108),(502,1,1,5,0,210,20,12,5,109),(503,1,0,0,0,100,10,10,17,68),(504,1,0,0,0,101,10,9,1,125),(505,1,0,5,0,100,10,5,13,125),(506,1,1,5,0,210,22,32,16,125),(507,1,0,5,0,100,10,6,11,125),(508,1,1,2,0,211,23,13,8,125),(509,1,1,0,0,210,12,27,3,125),(510,1,0,5,0,200,15,10,7,125),(511,1,0,5,0,200,40,10,19,125),(512,1,0,0,0,200,30,30,21,125),(513,1,1,5,0,105,11,6,4,117),(514,1,0,5,0,200,20,10,8,117),(515,1,0,5,0,200,18,10,5,117),(516,1,0,5,0,100,10,6,11,123),(517,1,0,5,0,300,60,30,20,1),(518,1,1,5,0,105,11,6,13,1),(519,1,5,5,0,250,28,20,5,1),(520,1,2,5,0,110,12,8,11,1),(521,3,10,1,5,306,39,34,7,1),(522,1,0,4,0,101,10,5,1,126),(523,1,1,5,0,105,11,6,18,126),(524,1,2,5,0,220,19,14,7,126),(525,1,0,5,0,100,10,5,4,126),(526,1,0,5,0,100,10,5,14,126),(527,1,0,5,0,200,40,10,19,126),(528,1,0,5,0,200,20,30,16,126),(529,1,0,5,0,200,10,20,3,126),(530,1,0,5,0,100,10,5,1,127),(531,1,2,5,0,110,12,8,11,121),(532,1,2,5,0,110,12,7,4,121),(533,1,2,5,0,110,12,7,1,128),(534,1,1,5,0,105,11,6,17,128),(535,1,0,5,0,150,30,2,22,128),(536,1,2,5,0,220,44,14,19,128),(537,1,0,5,0,100,10,5,4,128),(538,6,1,0,0,210,22,62,16,128),(539,1,1,5,0,210,17,12,7,128),(540,1,0,5,0,200,10,20,3,128),(541,1,1,5,0,105,11,6,1,129),(542,1,2,5,0,220,24,34,16,129),(543,3,0,15,0,100,10,5,1,130),(544,1,0,5,0,100,10,5,17,129),(545,1,0,5,0,200,10,20,3,129),(546,1,0,5,0,200,15,10,7,129),(547,5,4,0,10,240,28,43,8,130),(548,1,0,5,0,200,18,10,5,129),(549,1,0,5,0,200,20,10,8,129),(550,1,2,5,0,220,19,14,7,130),(551,1,0,5,0,200,30,25,21,129),(552,1,0,5,0,200,18,10,5,130),(553,1,0,5,0,100,10,5,14,130),(554,1,1,5,0,105,11,6,17,130),(555,1,0,5,0,200,10,20,3,130),(556,1,1,5,0,125,6,11,12,130),(557,1,1,5,0,105,11,7,11,130),(558,1,0,5,0,200,20,30,16,130),(559,1,1,5,0,105,11,6,1,131),(560,1,0,5,0,200,30,20,15,131),(561,1,2,0,0,220,24,39,16,131),(562,1,0,5,0,200,20,10,8,131),(563,1,0,5,0,200,10,20,3,131),(564,1,0,5,0,100,10,5,2,131),(565,1,0,5,0,200,15,10,7,131),(566,1,2,5,0,110,12,7,17,131),(567,1,0,5,0,150,30,2,22,131),(568,1,0,5,0,120,5,10,12,6),(569,1,28,0,0,480,71,71,7,6),(570,1,1,5,0,105,11,6,2,118),(571,1,0,5,0,100,10,5,4,118),(572,1,0,5,0,100,10,5,13,118),(573,1,0,5,0,200,20,10,8,118),(574,1,0,5,0,150,30,2,22,118),(575,1,0,5,0,200,18,10,5,118),(576,1,1,5,0,210,32,22,15,118),(577,1,2,0,0,220,34,34,21,118),(578,1,0,5,0,120,5,10,12,107),(579,1,1,5,0,155,31,3,22,107),(580,1,1,5,0,105,11,7,11,107),(581,1,1,5,0,105,11,6,4,107),(582,1,0,5,0,200,15,10,7,107),(583,1,0,5,0,200,20,10,8,107),(584,5,2,5,0,225,44,29,15,107),(585,1,0,5,0,200,18,10,5,107),(586,1,0,5,0,200,10,20,3,107),(587,1,1,5,0,105,11,6,17,47),(588,1,2,5,0,400,110,70,23,6),(589,1,1,5,0,350,65,40,20,6),(590,2,1,0,5,330,85,90,27,6),(592,1,0,5,0,300,100,30,24,6),(593,1,4,4,0,240,29,18,8,106),(594,1,1,5,0,105,11,7,11,106),(595,1,2,5,0,160,32,4,22,106),(596,1,1,5,0,105,11,6,4,106),(597,1,2,5,0,110,12,7,18,106),(598,7,1,0,75,112,11,34,17,106),(599,1,0,5,0,100,10,5,4,62),(600,1,1,5,0,210,17,12,7,62),(601,2,0,0,0,102,13,10,13,5),(602,1,0,0,0,260,35,120,28,6),(603,1,0,5,0,270,120,30,25,6),(604,3,0,0,0,100,10,20,1,132),(605,1,0,5,0,100,10,5,18,132),(606,1,0,5,0,100,10,5,4,51),(607,1,1,5,0,105,11,6,14,106),(608,1,0,5,0,100,10,5,1,133),(609,1,2,0,0,110,12,12,4,113),(610,1,0,5,0,100,10,5,1,134),(611,1,3,5,0,135,8,13,12,134),(612,1,1,5,0,210,17,12,7,134),(613,1,3,5,0,115,13,8,4,134),(614,1,1,5,0,105,11,6,18,134),(615,1,0,5,0,200,30,20,15,134),(616,1,0,5,0,200,40,10,19,134),(617,1,1,5,0,210,20,12,5,134),(618,1,0,5,0,200,20,30,16,134),(619,7,0,0,60,200,10,55,3,134),(620,1,0,5,0,100,10,5,2,134),(621,1,1,5,0,105,11,7,11,128),(622,1,0,5,0,100,10,5,14,128),(623,1,0,0,0,260,35,120,28,115),(624,1,0,5,0,200,30,25,21,115),(625,1,0,5,0,100,10,5,2,115),(626,1,0,5,0,120,5,10,12,115),(627,1,2,5,0,110,12,7,17,69),(628,1,0,5,0,150,30,2,22,134),(629,1,0,5,0,100,10,5,14,111),(630,1,0,5,0,120,5,10,12,111),(631,1,0,5,0,100,10,6,11,60),(632,1,1,5,0,210,20,12,5,68),(633,1,2,5,0,220,44,14,19,106),(634,1,0,5,0,120,5,10,12,106),(635,1,0,5,0,100,10,5,1,135),(636,1,0,5,0,270,120,30,25,1),(637,1,0,5,0,260,30,120,28,1),(638,1,0,5,0,280,80,70,27,1),(639,19,1,82,25,378,85,75,26,1),(640,3,4,15,20,240,18,28,3,106),(641,1,0,5,0,100,10,5,1,136),(642,5,0,0,0,200,30,25,8,136),(643,1,0,5,0,300,60,30,20,136),(644,1,1,5,0,210,32,27,21,136),(645,1,1,5,0,210,12,22,3,136),(646,1,0,5,0,200,18,10,5,136),(647,3,1,0,0,210,42,27,19,136),(648,1,3,5,0,115,13,8,17,136),(649,1,1,5,0,105,11,7,11,136),(650,1,0,5,0,100,10,5,18,136),(651,1,5,5,0,250,40,35,21,106),(652,1,0,5,0,300,70,20,9,106),(653,1,2,5,0,220,34,24,15,106),(654,1,1,5,0,350,55,30,10,106),(655,1,0,0,0,320,80,65,26,106),(656,1,0,5,0,100,10,5,1,137),(657,1,1,5,0,210,12,22,3,68),(658,1,0,5,0,280,80,70,27,47),(659,1,0,5,0,300,60,30,20,47),(660,1,0,5,0,300,100,50,23,47),(661,6,1,0,35,370,85,100,26,47),(662,1,0,5,0,200,15,10,7,111),(663,1,0,5,0,100,10,5,17,76),(664,1,0,5,0,100,10,5,13,76),(665,1,0,5,0,150,30,2,22,76),(666,1,0,5,0,100,10,5,17,107),(667,1,0,5,0,100,10,5,1,138),(668,1,2,5,0,220,19,14,7,138),(669,1,0,5,0,200,20,10,8,138),(670,3,0,0,0,300,50,65,6,138),(671,1,0,5,0,200,10,20,3,138),(672,1,1,5,0,125,6,11,12,138),(673,1,0,5,0,100,10,5,17,138),(674,1,0,5,0,100,10,5,14,138),(675,1,0,5,0,200,30,20,15,138),(676,1,0,5,0,150,30,2,22,138),(677,1,2,5,0,110,12,7,1,139),(678,1,1,5,0,210,22,12,8,139),(679,1,1,5,0,210,42,12,19,139),(680,1,0,5,0,200,20,30,16,139),(681,1,0,5,0,200,10,20,3,139),(682,1,0,5,0,100,10,5,14,139),(683,1,0,5,0,100,10,5,4,139),(684,1,0,5,0,100,10,5,1,140),(685,1,1,5,0,210,32,22,15,140),(686,1,0,0,0,265,30,120,28,140),(687,1,0,5,0,200,10,20,3,140),(688,1,0,5,0,200,40,10,19,140),(689,1,0,5,0,200,20,30,16,140),(690,1,1,5,0,105,11,6,17,140),(691,1,0,5,0,100,10,5,2,140),(692,1,0,5,0,100,10,5,13,140),(693,1,0,0,0,100,10,10,13,113),(694,1,0,5,0,120,5,10,12,49),(695,1,0,0,0,200,35,20,15,113),(696,1,0,5,0,100,10,5,1,141),(697,1,7,5,0,270,54,24,19,5),(698,1,2,5,0,220,44,14,19,70),(699,1,0,5,0,150,30,2,22,70),(700,1,1,0,0,210,20,17,5,70),(701,1,0,5,0,100,10,5,17,70),(702,1,1,5,0,210,32,22,15,70),(703,1,1,5,0,310,35,130,28,70),(704,5,0,10,0,300,50,35,10,121),(705,1,1,5,0,210,42,12,19,121),(706,1,0,5,0,100,10,5,1,142),(707,1,1,5,0,105,11,6,4,142),(708,1,0,5,0,150,30,2,22,142),(709,1,1,5,0,210,20,12,5,142),(710,1,0,5,0,100,10,5,2,142),(711,1,0,5,0,200,40,10,19,142),(712,1,1,5,0,210,32,22,15,142),(713,1,0,5,0,200,30,25,21,142),(714,1,1,0,0,210,20,17,5,59),(715,1,7,5,0,135,17,12,1,143),(716,1,4,0,0,143,9,16,12,143),(717,1,5,5,0,175,35,7,22,143),(718,1,9,0,0,150,19,14,13,143),(719,1,7,0,0,140,17,12,17,143),(720,1,6,5,0,130,16,11,18,143),(721,1,0,5,0,270,120,30,25,143),(722,1,4,5,0,240,23,18,7,143),(723,1,5,5,0,250,40,35,21,143),(724,1,5,5,0,250,50,20,19,143),(725,1,1,5,0,350,55,30,10,143),(726,1,0,5,0,150,30,2,22,46),(727,1,0,5,0,100,10,5,13,46),(728,1,0,5,0,200,15,10,7,46),(729,1,0,5,0,200,10,20,3,62),(730,1,0,5,0,100,10,5,13,55),(731,1,0,5,0,100,10,5,2,55),(732,1,0,5,0,100,10,5,2,68),(733,5,1,0,15,350,55,55,10,1),(734,1,0,5,0,200,40,10,19,107),(735,1,1,5,0,210,32,22,15,76),(736,1,0,5,0,100,10,5,18,76),(737,1,0,5,0,120,5,10,12,76),(738,1,0,5,0,150,30,2,22,6),(739,1,0,5,0,150,30,2,22,78),(740,1,0,5,0,200,40,10,19,78),(741,1,0,5,0,100,10,5,14,78),(742,1,0,5,0,200,30,20,15,78),(743,1,0,5,0,100,10,5,1,144),(744,1,0,5,0,100,10,6,11,111),(745,1,0,0,0,200,20,10,7,113),(746,1,0,5,0,200,15,10,7,109),(747,1,5,5,0,125,15,10,2,143),(748,1,8,5,0,140,18,13,4,143),(749,1,4,5,0,240,26,18,5,143),(750,1,4,5,0,240,28,38,16,143),(751,1,5,5,0,250,30,20,8,143),(752,1,7,5,0,135,17,12,14,143),(753,1,6,5,0,260,42,32,15,143),(754,1,4,5,0,120,14,10,11,143),(755,7,7,0,95,280,24,59,3,143),(756,1,1,5,0,105,11,6,1,145),(757,1,0,5,0,150,30,2,22,145),(758,1,0,5,0,100,10,5,4,145),(759,1,0,5,0,120,5,10,12,145),(760,1,0,5,0,200,15,10,7,145),(761,1,0,5,0,200,20,10,8,145),(762,1,0,5,0,200,10,20,3,145),(763,1,0,5,0,270,120,30,25,145),(764,1,1,5,0,210,42,12,19,145),(765,1,0,5,0,150,30,2,22,59),(766,4,0,0,15,301,50,69,6,121),(767,1,0,5,0,200,40,10,19,108),(768,1,0,5,0,100,10,5,18,108),(769,1,0,5,0,100,10,5,1,146),(770,1,0,5,0,200,10,20,3,146),(771,1,0,5,0,200,20,30,16,146),(772,1,0,5,0,150,30,2,22,117),(773,1,0,5,0,200,20,30,16,117),(774,1,0,5,0,200,15,10,7,117),(775,1,1,5,0,210,32,27,21,117),(776,1,0,5,0,200,40,10,19,117),(777,6,0,0,80,300,100,60,24,131),(778,1,0,5,0,100,10,5,14,131),(779,1,0,5,0,200,18,10,5,131),(780,3,1,0,20,110,16,11,1,147),(781,1,1,5,0,210,20,12,5,147),(782,1,1,5,0,210,12,22,3,147),(783,1,1,0,0,210,22,17,8,147),(784,1,0,5,0,100,10,5,18,147),(785,1,2,0,0,112,12,10,2,147),(786,1,0,5,0,200,40,10,19,147),(787,4,0,0,0,200,35,40,21,147),(788,1,0,5,0,100,10,5,4,147),(789,1,0,5,0,100,10,6,11,147),(790,1,0,5,0,120,5,10,12,147),(791,1,0,5,0,100,10,5,4,5),(792,4,1,0,30,352,81,42,9,5),(793,1,0,5,0,200,30,25,21,109),(794,1,0,0,0,100,10,10,14,113),(795,1,0,5,0,100,10,5,13,49),(796,1,0,5,0,200,18,10,5,122),(797,1,0,5,0,200,40,10,19,122),(798,1,1,5,0,210,22,32,16,122),(799,1,0,5,0,120,5,10,12,122),(800,1,0,5,0,200,20,10,8,122),(801,1,0,5,0,100,10,6,11,122),(802,1,0,5,0,100,10,5,17,122),(803,1,0,5,0,100,10,5,2,122),(804,1,0,5,0,100,10,5,1,148),(805,5,0,0,35,260,45,130,28,148),(806,1,1,5,0,210,20,12,5,148),(807,1,2,5,0,220,19,14,7,148),(808,1,1,5,0,210,22,32,16,148),(809,1,0,5,0,100,10,5,18,148),(810,1,1,5,0,105,11,6,13,148),(811,1,1,5,0,105,11,7,11,148),(812,1,0,5,0,150,30,2,22,148),(813,1,3,5,0,230,36,31,21,5),(814,1,4,5,0,240,18,28,3,5),(815,1,1,5,0,350,55,30,10,5),(816,1,1,5,0,210,12,22,3,148),(817,1,0,5,0,100,10,5,14,148),(818,1,0,5,0,300,100,50,23,5),(819,1,0,5,0,300,60,30,20,5),(820,1,0,5,0,260,30,120,28,5),(821,1,0,0,0,100,10,10,4,68),(822,1,0,5,0,200,20,10,8,80),(823,1,0,5,0,200,15,10,7,80),(824,1,0,5,0,200,18,10,5,80),(825,1,1,5,0,210,32,27,21,80),(826,1,1,5,0,105,11,6,18,80),(827,1,1,5,0,155,31,3,22,80),(828,1,0,5,0,100,10,5,14,80);

INSERT INTO user_detail(user_detail_id, battle_rating, init_status, battle_count, user_id, user_character_id) VALUES (1,1160,0,95,1,521),(2,1075,0,10,2,2),(3,1000,0,10,3,3),(4,1000,0,10,4,4),(5,1110,1,3,5,5),(6,1400,0,0,6,93),(7,1000,0,10,7,7),(8,1000,0,10,8,8),(9,1010,0,10,9,9),(10,1015,0,10,10,10),(11,1020,0,10,11,11),(12,1025,0,10,12,12),(13,1030,0,10,13,13),(14,1035,0,10,14,14),(15,1040,0,10,15,15),(16,1045,0,10,16,16),(17,1050,0,10,17,17),(18,1055,0,10,18,18),(19,1060,0,10,19,19),(20,1065,0,10,20,20),(21,1070,0,10,21,21),(22,1075,0,10,22,22),(23,1080,0,10,23,23),(24,1085,0,10,24,24),(25,1090,0,10,25,25),(26,1095,0,10,26,26),(27,1100,0,10,27,27),(28,1105,0,10,28,28),(29,1110,0,10,29,29),(30,1115,0,10,30,30),(31,1120,0,10,31,31),(32,1125,0,10,32,32),(33,1130,0,10,33,33),(34,1135,0,10,34,34),(35,1000,0,10,35,35),(36,1000,0,10,36,36),(37,1000,0,10,37,37),(38,1000,0,10,38,38),(39,1000,0,10,39,39),(40,1000,0,10,40,40),(41,1000,0,10,41,41),(42,1000,0,10,42,42),(43,1000,0,10,43,43),(44,1000,0,10,44,44),(45,1000,0,10,45,45),(46,1045,0,10,46,283),(47,1395,0,7,47,661),(48,1185,0,10,48,142),(49,1080,0,0,49,260),(50,1000,0,10,50,50),(51,1100,0,10,51,287),(52,1000,0,10,52,52),(53,1000,0,10,53,53),(54,1010,0,10,54,115),(55,1185,0,10,55,243),(56,1010,0,10,56,328),(57,1000,0,10,57,57),(58,1070,0,10,58,349),(59,1165,0,10,59,256),(60,1175,0,10,60,60),(61,1000,0,10,61,61),(62,1185,0,10,62,303),(63,1165,1,0,63,134),(64,1000,0,10,64,64),(65,1000,0,10,65,65),(66,1000,0,10,66,201),(67,1020,0,10,67,67),(68,1155,0,1,68,187),(69,1285,0,0,69,96),(70,1010,0,10,70,700),(71,1000,0,10,71,71),(72,1000,0,10,72,72),(73,1000,0,10,73,73),(74,1000,0,10,74,74),(75,1000,0,10,75,75),(76,1280,0,4,76,400),(77,1110,0,10,77,166),(78,1105,0,10,78,190),(97,995,0,10,79,199),(98,1005,0,8,80,200),(99,1000,0,10,81,211),(100,1000,0,10,82,212),(101,1000,0,10,83,213),(102,1000,0,10,84,214),(103,1000,0,10,85,215),(104,1000,0,10,86,216),(105,1000,0,10,87,217),(106,1000,0,10,88,218),(107,1000,0,10,89,219),(108,1000,0,10,90,220),(109,1000,0,10,91,221),(110,1000,0,10,92,222),(111,1000,0,10,93,223),(112,1000,0,10,94,224),(113,1000,0,10,95,225),(114,1000,0,10,96,226),(115,1000,0,10,97,227),(116,1000,0,10,98,228),(120,1000,0,10,102,269),(121,1000,0,10,103,270),(122,1000,0,10,104,272),(123,1000,0,10,105,273),(124,1180,0,10,106,655),(125,1035,0,10,107,584),(126,1365,0,0,108,344),(127,1160,0,0,109,357),(128,995,0,10,110,373),(129,1375,0,0,111,389),(130,1020,0,10,112,450),(131,1170,0,6,113,412),(132,1100,0,10,114,419),(133,1070,0,10,115,623),(134,1055,0,10,116,434),(135,1000,0,10,117,441),(136,1040,0,10,118,577),(137,1000,0,10,119,456),(138,1000,0,10,120,457),(139,1180,0,0,121,766),(140,1005,0,9,122,798),(141,1195,0,10,123,475),(142,1000,0,10,124,489),(143,1030,0,10,125,512),(144,1010,0,10,126,522),(145,995,0,10,127,530),(146,1080,1,0,128,538),(147,1020,0,10,129,542),(148,1085,0,10,130,547),(149,1170,0,0,131,777),(150,1020,0,10,132,604),(151,1005,0,10,133,608),(152,1135,0,10,134,619),(153,1000,0,10,135,635),(154,1055,0,10,136,647),(155,995,0,10,137,656),(156,1000,0,10,138,670),(157,1000,0,10,139,680),(158,1010,0,10,140,686),(159,1000,0,10,141,696),(160,1010,0,10,142,711),(161,1095,0,6,143,755),(162,1000,0,10,144,743),(163,1000,0,10,145,763),(164,1000,0,10,146,769),(165,1040,0,10,147,787),(166,1100,0,0,148,805);

INSERT INTO user_item(user_item_id, quantity, user_id, item_id) VALUES (1,1006,1,1),(2,930,1,2),(3,17,1,3),(4,0,2,1),(5,2,2,2),(6,9,2,3),(7,5,3,1),(8,5,3,2),(9,5,3,3),(10,5,4,1),(11,5,4,2),(12,5,4,3),(13,0,5,1),(14,49,5,2),(15,2,5,3),(16,0,6,1),(17,0,6,2),(18,2,6,3),(19,5,7,1),(20,5,7,2),(21,5,7,3),(22,5,8,1),(23,5,8,2),(24,5,8,3),(25,5,9,1),(26,5,9,2),(27,5,9,3),(28,5,10,1),(29,5,10,2),(30,5,10,3),(31,5,11,1),(32,5,11,2),(33,5,11,3),(34,5,12,1),(35,5,12,2),(36,5,12,3),(37,5,13,1),(38,5,13,2),(39,5,13,3),(40,5,14,1),(41,5,14,2),(42,5,14,3),(43,5,15,1),(44,5,15,2),(45,5,15,3),(46,5,16,1),(47,5,16,2),(48,5,16,3),(49,5,17,1),(50,5,17,2),(51,5,17,3),(52,5,18,1),(53,5,18,2),(54,5,18,3),(55,5,19,1),(56,5,19,2),(57,5,19,3),(58,5,20,1),(59,5,20,2),(60,5,20,3),(61,5,21,1),(62,5,21,2),(63,5,21,3),(64,5,22,1),(65,5,22,2),(66,5,22,3),(67,5,23,1),(68,5,23,2),(69,5,23,3),(70,5,24,1),(71,5,24,2),(72,5,24,3),(73,5,25,1),(74,5,25,2),(75,5,25,3),(76,5,26,1),(77,5,26,2),(78,5,26,3),(79,5,27,1),(80,5,27,2),(81,5,27,3),(82,5,28,1),(83,5,28,2),(84,5,28,3),(85,5,29,1),(86,5,29,2),(87,5,29,3),(88,5,30,1),(89,5,30,2),(90,5,30,3),(91,5,31,1),(92,5,31,2),(93,5,31,3),(94,5,32,1),(95,5,32,2),(96,5,32,3),(97,5,33,1),(98,5,33,2),(99,5,33,3),(100,5,34,1),(101,5,34,2),(102,5,34,3),(103,5,35,1),(104,5,35,2),(105,5,35,3),(106,5,36,1),(107,5,36,2),(108,5,36,3),(109,5,37,1),(110,5,37,2),(111,5,37,3),(112,5,38,1),(113,5,38,2),(114,5,38,3),(115,5,39,1),(116,5,39,2),(117,5,39,3),(118,5,40,1),(119,5,40,2),(120,5,40,3),(121,5,41,1),(122,5,41,2),(123,5,41,3),(124,5,42,1),(125,5,42,2),(126,5,42,3),(127,5,43,1),(128,5,43,2),(129,5,43,3),(130,5,44,1),(131,5,44,2),(132,5,44,3),(133,5,45,1),(134,5,45,2),(135,5,45,3),(136,0,46,1),(137,0,46,2),(138,0,46,3),(139,0,47,1),(140,0,47,2),(141,0,47,3),(142,0,48,1),(143,0,48,2),(144,0,48,3),(145,0,49,1),(146,0,49,2),(147,23,49,3),(148,5,50,1),(149,5,50,2),(150,5,50,3),(151,0,51,1),(152,0,51,2),(153,36,51,3),(154,5,52,1),(155,5,52,2),(156,5,52,3),(157,5,53,1),(158,5,53,2),(159,5,53,3),(160,2,54,1),(161,0,54,2),(162,2,54,3),(163,0,55,1),(164,1,55,2),(165,9,55,3),(166,0,56,1),(167,1,56,2),(168,5,56,3),(169,0,57,1),(170,0,57,2),(171,5,57,3),(172,0,58,1),(173,1,58,2),(174,18,58,3),(175,0,59,1),(176,0,59,2),(177,3,59,3),(178,0,60,1),(179,0,60,2),(180,31,60,3),(181,5,61,1),(182,5,61,2),(183,5,61,3),(184,0,62,1),(185,0,62,2),(186,1,62,3),(187,0,63,1),(188,0,63,2),(189,1,63,3),(190,5,64,1),(191,5,64,2),(192,5,64,3),(193,5,65,1),(194,5,65,2),(195,5,65,3),(196,5,66,1),(197,0,66,2),(198,5,66,3),(199,0,67,1),(200,0,67,2),(201,13,67,3),(202,0,68,1),(203,0,68,2),(204,0,68,3),(205,0,69,1),(206,0,69,2),(207,0,69,3),(208,0,70,1),(209,0,70,2),(210,7,70,3),(211,5,71,1),(212,5,71,2),(213,5,71,3),(214,5,72,1),(215,5,72,2),(216,5,72,3),(217,5,73,1),(218,5,73,2),(219,5,73,3),(220,30,74,1),(221,30,74,2),(222,5,74,3),(223,5,75,1),(224,5,75,2),(225,5,75,3),(226,0,76,1),(227,0,76,2),(228,2,76,3),(229,1,77,1),(230,1,77,2),(231,6,77,3),(232,0,78,1),(233,1,78,2),(234,0,78,3),(235,5,79,1),(236,5,79,2),(237,6,79,3),(238,0,80,1),(239,0,80,2),(240,8,80,3),(241,5,81,1),(242,5,81,2),(243,5,81,3),(244,5,82,1),(245,5,82,2),(246,5,82,3),(247,5,83,1),(248,5,83,2),(249,5,83,3),(250,5,84,1),(251,5,84,2),(252,5,84,3),(253,5,85,1),(254,5,85,2),(255,5,85,3),(256,5,86,1),(257,5,86,2),(258,5,86,3),(259,5,87,1),(260,5,87,2),(261,5,87,3),(262,5,88,1),(263,5,88,2),(264,5,88,3),(265,5,89,1),(266,5,89,2),(267,5,89,3),(268,5,90,1),(269,5,90,2),(270,5,90,3),(271,5,91,1),(272,5,91,2),(273,5,91,3),(274,5,92,1),(275,5,92,2),(276,5,92,3),(277,5,93,1),(278,5,93,2),(279,5,93,3),(280,5,94,1),(281,5,94,2),(282,5,94,3),(283,5,95,1),(284,5,95,2),(285,5,95,3),(286,5,96,1),(287,5,96,2),(288,5,96,3),(289,5,97,1),(290,5,97,2),(291,5,97,3),(292,5,98,1),(293,5,98,2),(294,5,98,3),(304,5,102,1),(305,5,102,2),(306,5,102,3),(307,5,103,1),(308,5,103,2),(309,5,103,3),(310,5,104,1),(311,5,104,2),(312,5,104,3),(313,5,105,1),(314,5,105,2),(315,5,105,3),(316,100,106,1),(317,31,106,2),(318,28,106,3),(319,0,107,1),(320,1,107,2),(321,0,107,3),(322,0,108,1),(323,0,108,2),(324,0,108,3),(325,0,109,1),(326,0,109,2),(327,4,109,3),(328,0,110,1),(329,0,110,2),(330,7,110,3),(331,2,111,1),(332,0,111,2),(333,0,111,3),(334,0,112,1),(335,0,112,2),(336,9,112,3),(337,0,113,1),(338,0,113,2),(339,0,113,3),(340,0,114,1),(341,0,114,2),(342,1,114,3),(343,0,115,1),(344,0,115,2),(345,20,115,3),(346,0,116,1),(347,0,116,2),(348,0,116,3),(349,0,117,1),(350,0,117,2),(351,0,117,3),(352,1,118,1),(353,0,118,2),(354,8,118,3),(355,4,119,1),(356,3,119,2),(357,5,119,3),(358,5,120,1),(359,5,120,2),(360,5,120,3),(361,0,121,1),(362,0,121,2),(363,3,121,3),(364,0,122,1),(365,0,122,2),(366,2,122,3),(367,0,123,1),(368,0,123,2),(369,0,123,3),(370,3,124,1),(371,2,124,2),(372,5,124,3),(373,0,125,1),(374,1,125,2),(375,16,125,3),(376,0,126,1),(377,0,126,2),(378,7,126,3),(379,5,127,1),(380,5,127,2),(381,6,127,3),(382,0,128,1),(383,0,128,2),(384,20,128,3),(385,0,129,1),(386,0,129,2),(387,10,129,3),(388,0,130,1),(389,0,130,2),(390,0,130,3),(391,0,131,1),(392,0,131,2),(393,0,131,3),(394,6,132,1),(395,5,132,2),(396,5,132,3),(397,5,133,1),(398,6,133,2),(399,8,133,3),(400,0,134,1),(401,0,134,2),(402,0,134,3),(403,5,135,1),(404,5,135,2),(405,5,135,3),(406,0,136,1),(407,3,136,2),(408,0,136,3),(409,5,137,1),(410,5,137,2),(411,6,137,3),(412,0,138,1),(413,0,138,2),(414,0,138,3),(415,0,139,1),(416,0,139,2),(417,6,139,3),(418,0,140,1),(419,0,140,2),(420,8,140,3),(421,5,141,1),(422,5,141,2),(423,5,141,3),(424,1,142,1),(425,0,142,2),(426,7,142,3),(427,0,143,1),(428,0,143,2),(429,5,143,3),(430,5,144,1),(431,5,144,2),(432,5,144,3),(433,0,145,1),(434,0,145,2),(435,6,145,3),(436,5,146,1),(437,3,146,2),(438,6,146,3),(439,0,147,1),(440,1,147,2),(441,2,147,3),(442,0,148,1),(443,0,148,2),(444,1,148,3);

INSERT INTO user_step (user_step_id, yesterday_step, daily_step, accumulation_step, user_id) VALUES (1,16385,2710,38549,1),(2,0,0,8918,2),(3,0,0,0,3),(4,0,0,0,4),(5,12084,9270,24284,5),(6,0,5273,23304,6),(7,0,0,0,7),(8,0,0,0,8),(9,0,0,0,9),(10,0,0,0,10),(11,0,0,0,11),(12,0,0,0,12),(13,0,0,0,13),(14,0,0,0,14),(15,0,0,0,15),(16,0,0,0,16),(17,0,0,0,17),(18,0,0,0,18),(19,0,0,0,19),(20,0,0,0,20),(21,0,0,0,21),(22,0,0,0,22),(23,0,0,0,23),(24,0,0,0,24),(25,0,0,0,25),(26,0,0,3575,26),(27,0,0,6424,27),(28,0,0,2563,28),(29,0,0,0,29),(30,0,0,0,30),(31,0,0,0,31),(32,0,0,0,32),(33,0,0,0,33),(34,0,0,0,34),(35,0,0,0,35),(36,0,0,0,36),(37,0,0,0,37),(38,0,0,0,38),(39,0,0,0,39),(40,0,0,0,40),(41,0,0,0,41),(42,0,0,0,42),(43,0,0,0,43),(44,0,0,0,44),(45,0,0,0,45),(46,0,0,0,46),(47,0,519,0,47),(48,0,0,5385,48),(49,0,79,0,49),(50,0,0,0,50),(51,0,0,3589,51),(52,0,0,0,52),(53,0,0,0,53),(54,0,0,0,54),(55,0,0,16402,55),(56,0,0,0,56),(57,0,0,0,57),(58,0,0,16206,58),(59,19,0,5374,59),(60,0,0,2083,60),(61,0,0,0,61),(62,0,0,15407,62),(63,434,0,2668,63),(64,0,0,0,64),(65,0,0,0,65),(66,0,0,0,66),(67,0,0,1492,67),(68,35,9416,29798,68),(69,0,3778,8242,69),(70,113,-56455,5485,70),(71,0,0,0,71),(72,0,0,11317,72),(73,0,0,0,73),(74,0,0,0,74),(75,0,0,0,75),(76,114,0,9423,76),(77,0,0,5942,77),(78,0,0,49,78),(79,0,0,0,79),(80,0,0,0,80),(81,0,0,0,81),(82,0,0,0,82),(83,0,0,0,83),(84,0,0,0,84),(85,0,0,0,85),(86,0,0,0,86),(87,0,0,0,87),(88,0,0,0,88),(89,0,0,0,89),(90,0,0,0,90),(91,0,0,0,91),(92,0,0,0,92),(93,0,0,0,93),(94,0,0,0,94),(95,0,0,0,95),(96,0,0,0,96),(97,0,0,0,97),(98,0,0,0,98),(102,0,0,0,102),(103,0,0,0,103),(104,0,0,4412,104),(105,0,0,0,105),(106,0,0,10005,106),(107,0,0,12990,107),(108,8683,5840,24985,108),(109,0,0,75,109),(110,0,0,0,110),(111,5489,0,16475,111),(112,21,0,1805,112),(113,12629,2340,24730,113),(114,0,0,834,114),(115,0,0,38,115),(116,0,0,25,116),(117,8122,1875,28532,117),(118,0,0,7122,118),(119,0,0,0,119),(120,0,0,15,120),(121,5584,697,10918,121),(122,0,0,0,122),(123,0,0,1074,123),(124,0,0,0,124),(125,0,0,1775,125),(126,0,0,0,126),(127,0,0,0,127),(128,0,0,7838,128),(129,0,0,24,129),(130,0,0,1004,130),(131,2078,0,6604,131),(132,0,0,0,132),(133,0,0,32,133),(134,0,0,17013,134),(135,0,0,0,135),(136,0,0,2184,136),(137,0,0,24,137),(138,0,0,268,138),(139,0,0,368,139),(140,0,0,0,140),(141,0,0,0,141),(142,0,0,0,142),(143,10000,5520,14922,143),(144,0,0,0,144),(145,0,0,0,145),(146,183,0,183,146),(147,0,0,0,147),(148,0,0,0,148);

INSERT INTO record(record_id, content, image_name, image_url, character_id, record_reg_date, latitude, longitude, city, district, region, is_event, user_id) VALUES (1,'밥먹고 산책 가보세요!','walkingpetb8804e64-0c37-4095-93f6-b1d0b5ce33b0.jpg','https://walkingpet.bucket.s3.ap-northeast-2.amazonaws.com/walkingpetb8804e64-0c37-4095-93f6-b1d0b5ce33b0.jpg',10,'2024-05-18 10:28:05',36.3553500000,127.2991570000,'대전광역시','유성구','학하동',1,47),(2,'산책 도중에 당신의 근육을 뽐내보세요','walkingpet89784fea-7b51-403d-9870-9f8069a0f098.jpg','https://walkingpet.bucket.s3.ap-northeast-2.amazonaws.com/walkingpet89784fea-7b51-403d-9870-9f8069a0f098.jpg',3,'2024-05-18 10:29:35',36.3558660000,127.2993250000,'대전광역시','유성구','학하동',1,47),(3,'상쾌한 공기를 느껴보세요','walkingpet3b1b5a18-76a9-40b9-91ef-4cacb51f95ae.jpg','https://walkingpet.bucket.s3.ap-northeast-2.amazonaws.com/walkingpet3b1b5a18-76a9-40b9-91ef-4cacb51f95ae.jpg',3,'2024-05-18 10:30:25',36.3556930000,127.2984060000,'대전광역시','유성구','학하동',1,47),(4,'과수원을 돌면서 쉬어보세요','walkingpet3a05edf7-e8aa-4e58-a683-ec78683bd17f.jpg','https://walkingpet.bucket.s3.ap-northeast-2.amazonaws.com/walkingpet3a05edf7-e8aa-4e58-a683-ec78683bd17f.jpg',3,'2024-05-18 10:31:56',36.3551130000,127.2964500000,'대전광역시','유성구','학하동',1,47),(5,'자연을 보면서 한번 쉬어보는건 어떨까요','walkingpetc1edb758-cf9e-44fc-b714-5b5e3553a0b2.jpg','https://walkingpet.bucket.s3.ap-northeast-2.amazonaws.com/walkingpetc1edb758-cf9e-44fc-b714-5b5e3553a0b2.jpg',10,'2024-05-18 10:33:04',36.3548670000,127.2973730000,'대전광역시','유성구','학하동',1,47),(6,'대전 싸피인의 친구 하이테이블','walkingpetc89eee8c-5997-4775-b812-c124b11083ad.jpg','https://walkingpet.bucket.s3.ap-northeast-2.amazonaws.com/walkingpetc89eee8c-5997-4775-b812-c124b11083ad.jpg',13,'2024-05-18 10:36:26',36.3546790000,127.3432710000,'대전광역시','유성구','온천1동',1,47),(7,'대전 싸피인의 제2의 고향 탐탐','walkingpet3e2c1edd-f1bf-4892-be29-b01da0c1c195.jpg','https://walkingpet.bucket.s3.ap-northeast-2.amazonaws.com/walkingpet3e2c1edd-f1bf-4892-be29-b01da0c1c195.jpg',21,'2024-05-18 10:37:27',36.3529920000,127.3450610000,'대전광역시','유성구','온천1동',1,47),(8,NULL,'walkingpete6864fe4-b25b-40e4-9ee1-87e39020f26f.jpg','https://walkingpet.bucket.s3.ap-northeast-2.amazonaws.com/walkingpete6864fe4-b25b-40e4-9ee1-87e39020f26f.jpg',3,'2024-05-18 14:57:59',36.3547470000,127.2981040000,'대전광역시','유성구','학하동',0,47),(9,NULL,'walkingpetcf5e67fe-7636-4e9c-90e5-59bd90e90adb.jpg','https://walkingpet.bucket.s3.ap-northeast-2.amazonaws.com/walkingpetcf5e67fe-7636-4e9c-90e5-59bd90e90adb.jpg',22,'2024-05-18 14:59:03',36.3550300000,127.2979190000,'대전광역시','유성구','학하동',0,47),(10,NULL,'walkingpetc74e16e5-c4fc-4d5b-94a4-0aeb7b7ca41b.jpg','https://walkingpet.bucket.s3.ap-northeast-2.amazonaws.com/walkingpetc74e16e5-c4fc-4d5b-94a4-0aeb7b7ca41b.jpg',7,'2024-05-18 14:59:45',36.3550860000,127.2962980000,'대전광역시','유성구','학하동',0,47),(11,'태평소 앞 벌구소 공원~','walkingpet2f205039-d140-4cca-b166-413425e5a547.jpg','https://walkingpet.bucket.s3.ap-northeast-2.amazonaws.com/walkingpet2f205039-d140-4cca-b166-413425e5a547.jpg',21,'2024-05-18 16:57:17',36.3580120000,127.3491890000,'대전광역시','유성구','온천1동',1,47),(12,NULL,'walkingpetb3d53ee6-34ca-4163-964e-01340d989a02.jpg','https://walkingpet.bucket.s3.ap-northeast-2.amazonaws.com/walkingpetb3d53ee6-34ca-4163-964e-01340d989a02.jpg',7,'2024-05-18 21:24:29',36.3550860000,127.2962980000,'대전광역시','유성구','학하동',0,47),(13,NULL,'walkingpetd1819bc6-41ba-4eb1-842c-f67cffebae93.jpg','https://walkingpet.bucket.s3.ap-northeast-2.amazonaws.com/walkingpetd1819bc6-41ba-4eb1-842c-f67cffebae93.jpg',12,'2024-05-18 21:39:39',36.2153520000,127.6548940000,'충청북도','영동군','심천면',0,47),(14,NULL,'walkingpet0969a30f-7548-4b12-813c-dd9bcd24847c.jpg','https://walkingpet.bucket.s3.ap-northeast-2.amazonaws.com/walkingpet0969a30f-7548-4b12-813c-dd9bcd24847c.jpg',18,'2024-05-18 21:41:15',36.3592354000,127.3378473000,'대전광역시','유성구','온천2동',0,47),(15,NULL,'walkingpet29ec24b5-b7de-4e3f-8e79-5349490685f6.jpg','https://walkingpet.bucket.s3.ap-northeast-2.amazonaws.com/walkingpet29ec24b5-b7de-4e3f-8e79-5349490685f6.jpg',10,'2024-05-18 22:29:39',36.3420621000,127.4012096000,'대전광역시','서구','용문동',0,47),(16,NULL,'walkingpet1562dfb2-24f5-4d1f-83bc-3fc4300796ff.jpg','https://walkingpet.bucket.s3.ap-northeast-2.amazonaws.com/walkingpet1562dfb2-24f5-4d1f-83bc-3fc4300796ff.jpg',10,'2024-05-18 22:33:04',36.3420621000,127.4012096000,'대전광역시','서구','용문동',0,47),(17,NULL,'walkingpetb89b7bfb-9817-496b-a4b8-d84092ef32b9.jpg','https://walkingpet.bucket.s3.ap-northeast-2.amazonaws.com/walkingpetb89b7bfb-9817-496b-a4b8-d84092ef32b9.jpg',10,'2024-05-18 22:33:14',36.3420621000,127.4012096000,'대전광역시','서구','용문동',0,47),(18,NULL,'walkingpet0a9bcbd6-cd30-4aaf-adb4-2510bd5e29b1.jpg','https://walkingpet.bucket.s3.ap-northeast-2.amazonaws.com/walkingpet0a9bcbd6-cd30-4aaf-adb4-2510bd5e29b1.jpg',12,'2024-05-18 22:56:13',36.3592314000,127.3378522000,'대전광역시','유성구','온천2동',0,47),(19,NULL,'walkingpet369f3010-5aeb-428e-b3e3-c95aeb8c6e70.jpg','https://walkingpet.bucket.s3.ap-northeast-2.amazonaws.com/walkingpet369f3010-5aeb-428e-b3e3-c95aeb8c6e70.jpg',10,'2024-05-18 23:19:39',36.3421544000,127.4012901000,'대전광역시','서구','용문동',0,47),(20,NULL,'walkingpet513d942c-83f4-4df5-82a6-86cd72bd1f23.jpg','https://walkingpet.bucket.s3.ap-northeast-2.amazonaws.com/walkingpet513d942c-83f4-4df5-82a6-86cd72bd1f23.jpg',10,'2024-05-18 23:23:21',36.3420816000,127.4012214000,'대전광역시','서구','용문동',0,47),(21,NULL,'walkingpet6fe080b7-710d-430f-8ffb-1e950a66e68b.jpg','https://walkingpet.bucket.s3.ap-northeast-2.amazonaws.com/walkingpet6fe080b7-710d-430f-8ffb-1e950a66e68b.jpg',12,'2024-05-19 00:40:42',36.3592309000,127.3378555000,'대전광역시','유성구','온천2동',0,47),(22,NULL,'walkingpet0e962e10-bf8b-43de-ba61-bc55dc2f45d7.jpg','https://walkingpet.bucket.s3.ap-northeast-2.amazonaws.com/walkingpet0e962e10-bf8b-43de-ba61-bc55dc2f45d7.jpg',18,'2024-05-19 01:11:12',36.3592292000,127.3378613000,'대전광역시','유성구','온천2동',0,47),(23,NULL,'walkingpeta50e1f34-c569-4346-a0eb-647b0bd7a176.jpg','https://walkingpet.bucket.s3.ap-northeast-2.amazonaws.com/walkingpeta50e1f34-c569-4346-a0eb-647b0bd7a176.jpg',15,'2024-05-19 01:23:37',36.3541008000,127.3438295000,'대전광역시','유성구','온천1동',0,47),(24,NULL,'walkingpetd98d73ee-22b7-4c5f-b268-00c4b5e8a3be.jpg','https://walkingpet.bucket.s3.ap-northeast-2.amazonaws.com/walkingpetd98d73ee-22b7-4c5f-b268-00c4b5e8a3be.jpg',8,'2024-05-19 15:11:11',36.3699114000,127.3468922000,'대전광역시','유성구','온천2동',0,47),(25,NULL,'walkingpet9d932ba7-3c42-4e6b-96ce-592cc858291f.jpg','https://walkingpet.bucket.s3.ap-northeast-2.amazonaws.com/walkingpet9d932ba7-3c42-4e6b-96ce-592cc858291f.jpg',7,'2024-05-19 17:41:53',36.3672966000,127.3461418000,'대전광역시','유성구','온천2동',0,47),(26,NULL,'walkingpet90c58445-be57-4261-acdf-40f68f1e6b5d.jpg','https://walkingpet.bucket.s3.ap-northeast-2.amazonaws.com/walkingpet90c58445-be57-4261-acdf-40f68f1e6b5d.jpg',3,'2024-05-19 19:50:42',36.3701921000,127.3382552000,'대전광역시','유성구','온천2동',0,47);

